Title,Price,Rating,Size,Link
"The Python Bible 3 in 1: Volumes One to Three (Beginner, Intermediate, Data Science)",,4.0 out of 5 stars,254 pages,https://www.amazon.com/gp/product/B07W5XDKLG/ref=dbs_a_def_rwt_hsch_vapi_tkin_p1_i10
"The Python Bible 5 in 1: Volumes One To Five (Beginner, Intermediate, Data Science, Machine Learning, Finance)",,3.9 out of 5 stars,374 pages,https://www.amazon.com/gp/product/B07WMSWBB1/ref=dbs_a_def_rwt_hsch_vapi_tkin_p1_i9
"The Python Bible 7 in 1: Volumes One To Seven (Beginner, Intermediate, Data Science, Machine Learning, Finance, Neural Networks, Computer Vision)",,4.5 out of 5 stars,509 pages,https://www.amazon.com/Python-Bible-Beginner-Intermediate-Learning-ebook/dp/B0868PZBCJ/ref=sr_1_1?qid=1670067650&refinements=p_27%3AFlorian+Dedov&s=books&sr=1-1
"The Python Bible Volume 1: Python Programming For Beginners (Basics, Introduction)",,4.1 out of 5 stars,68 pages,https://www.amazon.com/gp/product/B07SZQQGZY/ref=dbs_a_def_rwt_hsch_vapi_tkin_p1_i3
"The Python Bible Volume 2: Python Programming For Intermediates (Advanced, Professional)",,3.8 out of 5 stars,100 pages,https://www.amazon.com/gp/product/B07TJ23HG5/ref=dbs_a_def_rwt_hsch_vapi_tkin_p1_i2
"The Python Bible Volume 3: Data Science (Numpy, Matplotlib, Pandas)",,3.9 out of 5 stars,85 pages,https://www.amazon.com/gp/product/B07V45YB89/ref=dbs_a_def_rwt_hsch_vapi_tkin_p1_i5
"The Python Bible Volume 4: Machine Learning (Neural Networks, Tensorflow, Sklearn, SVM)",,4.0 out of 5 stars,66 pages,https://www.amazon.com/gp/product/B07VZW6KC6/ref=dbs_a_def_rwt_hsch_vapi_tkin_p1_i6
"The Python Bible Volume 5: Python For Finance (Stock Analysis, Trading, Share Prices)",,3.9 out of 5 stars,60 pages,https://www.amazon.com/gp/product/B07WJW31B2/ref=dbs_a_def_rwt_hsch_vapi_tkin_p1_i4
"The Python Bible Volume 6: Neural Networks (Tensorflow, Deep Learning, Keras)",,4.0 out of 5 stars,86 pages,https://www.amazon.com/gp/product/B0854PPMLS/ref=dbs_a_def_rwt_hsch_vapi_tkin_p1_i7
"The Python Bible Volume 7: Computer Vision (OpenCV, Object Recognition)",,3.6 out of 5 stars,61 pages,https://www.amazon.com/gp/product/B0867KCQW4/ref=dbs_a_def_rwt_hsch_vapi_tkin_p1_i8
"The Bible of Algorithms and Data Structures: A Complex Subject Simply Explained (Runtime Complexity, Big O Notation, Programming)",,4.3 out of 5 stars,123 pages,https://www.amazon.com/gp/product/B08GGGGY5W/ref=dbs_a_def_rwt_hsch_vapi_tkin_p1_i1
